{"cameraMode":{"drawMode":0,"name":"Shaded","section":"Shading Mode"},"sceneLighting":true,"audioPlay":false,"sceneViewState":{"m_AlwaysRefresh":true,"showFog":true,"showSkybox":true,"showFlares":true,"showImageEffects":true,"showParticleSystems":true,"showVisualEffectGraphs":true,"m_FxEnabled":true},"in2DMode":false,"pivot":{"x":1.2590925693511963,"y":0.7215002179145813,"z":122.85032653808594},"rotation":{"x":-0.08016873896121979,"y":0.15987297892570496,"z":-0.013027509674429894,"w":-0.9837958216667175},"size":0.8660253882408142,"orthographic":false}